Workbook

Sheet Октябрь
A2: Предприятие | D2: Прибыль | E2: Оборотные средства | F2: Стоимость основных фондов
A6: ООО "Бригантина" | D6: 125.3 | E6: 65.4 | F6: 310.25
A7: ООО "Эврика" | D7: 129.35 | E7: 69.45 | F7: 348.29
A8: ООО "Милана" | D8: 201.35 | E8: 102.45 | F8: 349.65
A9: ООО "Стиль" | D9: 301.25 | E9: 145.95 | F9: 579.26
A10: ООО "Фортуна" | D10: 284.3 | E10: 112.58 | F10: 504.25
A11: ИТОГО | D11: =SUM(D6:D10) -> 1041.55 | E11: =SUM(E6:E10) -> 495.83 | F11: =SUM(F6:F10) -> 2091.7

Sheet Ноябрь
A2: Предприятие | D2: Прибыль | E2: Оборотные средства | F2: Стоимость основных фондов
A6: ООО "Бригантина" | D6: 182.13 | E6: 65.23 | F6: 437.73
A7: ООО "Эврика" | D7: 250.01 | E7: 118.75 | F7: 409.7
A8: ООО "Милана" | D8: 231.68 | E8: 114.46 | F8: 517.8
A9: ООО "Стиль" | D9: 222.82 | E9: 143.23 | F9: 492.37
A10: ООО "Фортуна" | D10: 247.23 | E10: 112.3 | F10: 595.39
A11: ИТОГО | D11: =SUM(D6:D10) -> 1133.87 | E11: =SUM(E6:E10) -> 553.97 | F11: =SUM(F6:F10) -> 2452.99

Sheet Декабрь
A2: Предприятие | D2: Прибыль | E2: Оборотные средства | F2: Стоимость основных фондов
A6: ООО "Бригантина" | D6: 222.02 | E6: 121.29 | F6: 346.3
A7: ООО "Эврика" | D7: 262.72 | E7: 91.98 | F7: 302.24
A8: ООО "Милана" | D8: 284.66 | E8: 113.27 | F8: 505.36
A9: ООО "Стиль" | D9: 299 | E9: 103.3 | F9: 481.64
A10: ООО "Фортуна" | D10: 266.72 | E10: 116.98 | F10: 398.86
A11: ИТОГО | D11: =SUM(D6:D10) -> 1335.12 | E11: =SUM(E6:E10) -> 546.82 | F11: =SUM(F6:F10) -> 2034.4

Sheet Всего за IV квартал
A2: Предприятие | D2: Прибыль | E2: Оборотные средства | F2: Стоимость основных фондов
D6: =Декабрь!$D$6 -> 222.02 | E6: =Декабрь!$E$6 -> 121.29 | F6: =Декабрь!$F$6 -> 346.3
D7: =Ноябрь!$D$6 -> 182.13 | E7: =Ноябрь!$E$6 -> 65.23 | F7: =Ноябрь!$F$6 -> 437.73
D8: =Октябрь!$D$6 -> 125.3 | E8: =Октябрь!$E$6 -> 65.4 | F8: =Октябрь!$F$6 -> 310.25
A9: ООО "Бригантина" | D9: =SUM(D6:D8) -> 529.45 | E9: =SUM(E6:E8) -> 251.92 | F9: =SUM(F6:F8) -> 1094.28
D10: =Декабрь!$D$7 -> 262.72 | E10: =Декабрь!$E$7 -> 91.98 | F10: =Декабрь!$F$7 -> 302.24
D11: =Ноябрь!$D$7 -> 250.01 | E11: =Ноябрь!$E$7 -> 118.75 | F11: =Ноябрь!$F$7 -> 409.7
D12: =Октябрь!$D$7 -> 129.35 | E12: =Октябрь!$E$7 -> 69.45 | F12: =Октябрь!$F$7 -> 348.29
A13: ООО "Эврика" | D13: =SUM(D10:D12) -> 642.08 | E13: =SUM(E10:E12) -> 280.18 | F13: =SUM(F10:F12) -> 1060.23
D14: =Декабрь!$D$8 -> 284.66 | E14: =Декабрь!$E$8 -> 113.27 | F14: =Декабрь!$F$8 -> 505.36
D15: =Ноябрь!$D$8 -> 231.68 | E15: =Ноябрь!$E$8 -> 114.46 | F15: =Ноябрь!$F$8 -> 517.8
D16: =Октябрь!$D$8 -> 201.35 | E16: =Октябрь!$E$8 -> 102.45 | F16: =Октябрь!$F$8 -> 349.65
A17: ООО "Милана" | D17: =SUM(D14:D16) -> 717.69 | E17: =SUM(E14:E16) -> 330.18 | F17: =SUM(F14:F16) -> 1372.81
D18: =Декабрь!$D$9 -> 299 | E18: =Декабрь!$E$9 -> 103.3 | F18: =Декабрь!$F$9 -> 481.64
D19: =Ноябрь!$D$9 -> 222.82 | E19: =Ноябрь!$E$9 -> 143.23 | F19: =Ноябрь!$F$9 -> 492.37
D20: =Октябрь!$D$9 -> 301.25 | E20: =Октябрь!$E$9 -> 145.95 | F20: =Октябрь!$F$9 -> 579.26
A21: ООО "Стиль" | D21: =SUM(D18:D20) -> 823.07 | E21: =SUM(E18:E20) -> 392.48 | F21: =SUM(F18:F20) -> 1553.27
D22: =Декабрь!$D$10 -> 266.72 | E22: =Декабрь!$E$10 -> 116.98 | F22: =Декабрь!$F$10 -> 398.86
D23: =Ноябрь!$D$10 -> 247.23 | E23: =Ноябрь!$E$10 -> 112.3 | F23: =Ноябрь!$F$10 -> 595.39
D24: =Октябрь!$D$10 -> 284.3 | E24: =Октябрь!$E$10 -> 112.58 | F24: =Октябрь!$F$10 -> 504.25
A25: ООО "Фортуна" | D25: =SUM(D22:D24) -> 798.25 | E25: =SUM(E22:E24) -> 341.86 | F25: =SUM(F22:F24) -> 1498.5
D26: =Декабрь!$D$11 -> 1335.12 | E26: =Декабрь!$E$11 -> 546.82 | F26: =Декабрь!$F$11 -> 2034.4
D27: =Ноябрь!$D$11 -> 1133.87 | E27: =Ноябрь!$E$11 -> 553.97 | F27: =Ноябрь!$F$11 -> 2452.99
D28: =Октябрь!$D$11 -> 1041.55 | E28: =Октябрь!$E$11 -> 495.83 | F28: =Октябрь!$F$11 -> 2091.7
A29: ИТОГО | D29: =SUM(D26:D28) -> 3510.54 | E29: =SUM(E26:E28) -> 1596.62 | F29: =SUM(F26:F28) -> 6579.09
