Workbook

Sheet Январь
A2: Анализ продаж торговой фирмы "ИП Савкин"
A3: Наименование товара | C3: Цена за у.е | E3: Предложение (шт) | G3: Продажа | J3: Выручка от продаж у.е | L3: Остаток на складе
C4: Нал | D4: Безнал | G4: Нал. | H4: Безнал. | I4: Всего
A5: Телевизор | C5: 300 | D5: 310 | E5: 20 | G5: 5 | H5: 10 | I5: =G5+H5 -> 15 | J5: =C5*G5+D5*H5 -> 4600 | L5: =E5-I5 -> 5
A6: Кофеварка | C6: 200 | D6: 205 | E6: 25 | G6: 5 | H6: 7 | I6: =G6+H6 -> 12 | J6: =C6*G6+D6*H6 -> 2435 | L6: =E6-I6 -> 13
A7: Музыкальный центр | C7: 275 | D7: 280 | E7: 30 | G7: 9 | H7: 7 | I7: =G7+H7 -> 16 | J7: =C7*G7+D7*H7 -> 4435 | L7: =E7-I7 -> 14
A8: Видеокамера | C8: 415 | D8: 430 | E8: 10 | G8: 2 | H8: 8 | I8: =G8+H8 -> 10 | J8: =C8*G8+D8*H8 -> 4270 | L8: =E8-I8 -> 0
A9: Фотоаппарат | C9: 50 | D9: 51 | E9: 100 | G9: 57 | H9: 34 | I9: =G9+H9 -> 91 | J9: =C9*G9+D9*H9 -> 4584 | L9: =E9-I9 -> 9

Sheet Февраль
A2: Анализ продаж торговой фирмы "ИП Савкин"
A3: Наименование товара | C3: Цена за у.е | E3: Предложение (шт) | G3: Продажа | J3: Выручка от продаж у.е | L3: Остаток на складе
C4: Нал | D4: Безнал | G4: Нал. | H4: Безнал. | I4: Всего
A5: Телевизор | C5: 300 | D5: 310 | E5: 20 | G5: 2 | H5: 6 | I5: =G5+H5 -> 8 | J5: =C5*G5+D5*H5 -> 2460 | L5: =E5-I5 -> 12
A6: Кофеварка | C6: 200 | D6: 205 | E6: 25 | G6: 3 | H6: 9 | I6: =G6+H6 -> 12 | J6: =C6*G6+D6*H6 -> 2445 | L6: =E6-I6 -> 13
A7: Музыкальный центр | C7: 275 | D7: 280 | E7: 30 | G7: 12 | H7: 4 | I7: =G7+H7 -> 16 | J7: =C7*G7+D7*H7 -> 4420 | L7: =E7-I7 -> 14
A8: Видеокамера | C8: 415 | D8: 430 | E8: 10 | G8: 2 | H8: 4 | I8: =G8+H8 -> 6 | J8: =C8*G8+D8*H8 -> 2550 | L8: =E8-I8 -> 4
A9: Фотоаппарат | C9: 50 | D9: 51 | E9: 100 | G9: 30 | H9: 40 | I9: =G9+H9 -> 70 | J9: =C9*G9+D9*H9 -> 3540 | L9: =E9-I9 -> 30

Sheet Март
A2: Анализ продаж торговой фирмы "ИП Савкин"
A3: Наименование товара | C3: Цена за у.е | E3: Предложение (шт) | G3: Продажа | J3: Выручка от продаж у.е | L3: Остаток на складе
C4: Нал | D4: Безнал | G4: Нал. | H4: Безнал. | I4: Всего
A5: Телевизор | C5: 300 | D5: 310 | E5: 20 | G5: 10 | H5: 10 | I5: =G5+H5 -> 20 | J5: =C5*G5+D5*H5 -> 6100 | L5: =E5-I5 -> 0
A6: Кофеварка | C6: 200 | D6: 205 | E6: 25 | G6: 12 | H6: 7 | I6: =G6+H6 -> 19 | J6: =C6*G6+D6*H6 -> 3835 | L6: =E6-I6 -> 6
A7: Музыкальный центр | C7: 275 | D7: 280 | E7: 30 | G7: 22 | H7: 7 | I7: =G7+H7 -> 29 | J7: =C7*G7+D7*H7 -> 8010 | L7: =E7-I7 -> 1
A8: Видеокамера | C8: 415 | D8: 430 | E8: 10 | G8: 3 | H8: 3 | I8: =G8+H8 -> 6 | J8: =C8*G8+D8*H8 -> 2535 | L8: =E8-I8 -> 4
A9: Фотоаппарат | C9: 50 | D9: 51 | E9: 100 | G9: 7 | H9: 16 | I9: =G9+H9 -> 23 | J9: =C9*G9+D9*H9 -> 1166 | L9: =E9-I9 -> 77

Sheet Итог
A2: Сводные показатели за I квартал
A3: Наименование товара | B3: Продано (шт.) | C3: Выручка за I квартал, у.е.
B4: =Март!$I$5 -> 20 | C4: =Март!$J$5 -> 6100
B5: =Февраль!$I$5 -> 8 | C5: =Февраль!$J$5 -> 2460
B6: =Январь!$I$5 -> 15 | C6: =Январь!$J$5 -> 4600
A7: Телевизор | B7: =SUM(B4:B6) -> 43 | C7: =SUM(C4:C6) -> 13160
B8: =Март!$I$6 -> 19 | C8: =Март!$J$6 -> 3835
B9: =Февраль!$I$6 -> 12 | C9: =Февраль!$J$6 -> 2445
B10: =Январь!$I$6 -> 12 | C10: =Январь!$J$6 -> 2435
A11: Кофеварка | B11: =SUM(B8:B10) -> 43 | C11: =SUM(C8:C10) -> 8715
B12: =Март!$I$7 -> 29 | C12: =Март!$J$7 -> 8010
B13: =Февраль!$I$7 -> 16 | C13: =Февраль!$J$7 -> 4420
B14: =Январь!$I$7 -> 16 | C14: =Январь!$J$7 -> 4435
A15: Музыкальный центр | B15: =SUM(B12:B14) -> 61 | C15: =SUM(C12:C14) -> 16865
B16: =Март!$I$8 -> 6 | C16: =Март!$J$8 -> 2535
B17: =Февраль!$I$8 -> 6 | C17: =Февраль!$J$8 -> 2550
B18: =Январь!$I$8 -> 10 | C18: =Январь!$J$8 -> 4270
A19: Видеокамера | B19: =SUM(B16:B18) -> 22 | C19: =SUM(C16:C18) -> 9355
B20: =Март!$I$9 -> 23 | C20: =Март!$J$9 -> 1166
B21: =Февраль!$I$9 -> 70 | C21: =Февраль!$J$9 -> 3540
B22: =Январь!$I$9 -> 91 | C22: =Январь!$J$9 -> 4584
A23: Фотоаппарат | B23: =SUM(B20:B22) -> 184 | C23: =SUM(C20:C22) -> 9290
